id,name,type,start_date_local,distance_km,moving_time_minutes,average_speed_kmh,max_speed_kmh,total_elevation_gain,average_heartrate,max_heartrate,hr_stream_points,hr_stream_avg,hr_stream_max,hr_stream_min,position_stream_points,speed_variability,year,month,day_of_week,hour
10386561004,Morning Ride,Ride,2023-12-16 07:40:10+00:00,0.5053,28.866666666666667,1.0512,4.9824,0.0,126.6,141.0,2036,125.01178781925344,141.0,81.0,2036,0.7173320293658211,2023,12,Saturday,7
10459100887,Morning Ride,Ride,2023-12-30 06:53:23+00:00,0.4234,25.216666666666665,1.0080000000000002,3.4055999999999997,1.0,129.7,152.0,1887,128.77795442501323,152.0,80.0,1887,0.6916306207856762,2023,12,Saturday,6
10502016383,Morning Ride,Ride,2024-01-06 08:00:22+00:00,0.3018,15.683333333333334,1.1556,2.7072000000000003,0.0,128.5,150.0,1691,130.45298639858072,150.0,104.0,1691,0.8024492705680166,2024,1,Saturday,8
11874130792,Morning Ride,Ride,2024-01-27 09:13:00+00:00,0.1692,3.433333333333333,2.9592,1.5048,2.0,113.9,145.0,1735,114.0628242074928,145.0,77.0,1735,1.003013416503704,2024,1,Saturday,9
11874136454,Morning Ride,Ride,2024-03-02 08:10:43+00:00,0.19140000000000001,4.816666666666666,2.3832,1.548,0.0,129.0,143.0,1849,130.69388858842618,143.0,98.0,1849,0.9825156897861547,2024,3,Saturday,8
11874147643,Morning Ride,Ride,2024-07-13 06:40:12+00:00,23.171400000000002,109.8,12.6612,26.128800000000002,119.0,132.7,166.0,9087,128.05722460658083,166.0,73.0,9087,0.800134020132333,2024,7,Saturday,6
11940016993,Morning Ride,Ride,2024-07-21 06:49:30+00:00,26.9967,117.48333333333333,13.788,35.5608,177.0,130.8,167.0,8804,125.75363471149477,167.0,58.0,8804,0.6583356913345224,2024,7,Sunday,6
12047985131,Morning Ride,Ride,2024-08-03 06:40:53+00:00,27.3936,116.73333333333333,14.079600000000001,33.2784,184.0,136.1,164.0,9003,130.51993779851162,164.0,54.0,0,0.0,2024,8,Saturday,6
12107333931,Morning Ride,Ride,2024-08-10 06:47:09+00:00,27.0961,114.13333333333334,14.2452,35.416799999999995,193.0,133.2,168.0,0,0.0,0.0,0.0,0,0.0,2024,8,Saturday,6
12175372406,Napak tilas jaman sd,Ride,2024-08-18 06:45:49+00:00,29.986,148.01666666666668,12.153599999999999,27.172800000000002,161.0,128.8,162.0,9377,127.52895382318438,162.0,64.0,9377,0.5061075230903204,2024,8,Sunday,6
12226212813,Morning Ride,Ride,2024-08-24 06:35:13+00:00,33.7422,154.48333333333332,13.104000000000001,34.272,262.0,130.4,166.0,9659,129.86116575214825,166.0,88.0,9659,0.4234245296571318,2024,8,Saturday,6
12412330568,Morning Ride,Ride,2024-09-15 07:13:40+00:00,25.341900000000003,110.2,13.798800000000002,27.979200000000002,173.0,126.8,163.0,7835,123.78162093171666,163.0,70.0,7835,0.5660939754021398,2024,9,Sunday,7
12463078268,Morning Ride,Ride,2024-09-21 06:30:14+00:00,34.101,165.31666666666666,12.376800000000001,35.2008,308.0,133.8,167.0,11508,133.0526590198123,167.0,81.0,11508,0.607503328603628,2024,9,Saturday,6
12528193934,Morning Ride,Ride,2024-09-29 06:39:03+00:00,20.8036,103.03333333333333,12.114,28.4832,101.0,123.8,167.0,7938,121.78999748047367,167.0,66.0,7938,0.7282209690032636,2024,9,Sunday,6
12585947562,Morning Ride,Ride,2024-10-06 06:30:25+00:00,32.7145,142.85,13.741200000000001,32.7888,141.0,133.1,171.0,10820,124.84186691312385,171.0,42.0,10820,0.741568421519223,2024,10,Sunday,6
12697074479,Morning Ride,Ride,2024-10-20 06:21:05+00:00,27.143900000000002,119.65,13.611600000000001,32.8752,213.0,136.1,170.0,8569,132.07923911775003,170.0,73.0,8569,0.6114187579097257,2024,10,Sunday,6
12801294733,Morning Ride,Ride,2024-11-02 06:16:06+00:00,40.3461,187.98333333333332,12.8772,47.664,314.0,142.5,176.0,15340,133.26981747066492,176.0,52.0,15340,0.8381555298689718,2024,11,Saturday,6
1280995953,Morning Ride,Ride,2017-11-19 05:51:04+00:00,5.3038,18.45,17.247600000000002,30.6,35.6,0.0,0.0,0,0.0,0.0,0.0,1016,0.28506675948854265,2017,11,Sunday,5
1283950846,Morning Run,Run,2017-11-21 07:20:12+00:00,0.3927,2.8,8.4168,15.48,2.1,0.0,0.0,0,0.0,0.0,0.0,103,0.38775886808797777,2017,11,Tuesday,7
12856367239,Morning Ride,Ride,2024-11-09 06:33:02+00:00,36.234300000000005,166.76666666666668,13.0356,35.424,290.0,134.0,178.0,8244,134.44323144104803,178.0,76.0,8244,0.36012954388487056,2024,11,Saturday,6
12918261761,Morning Ride,Ride,2024-11-17 06:44:07+00:00,39.9005,165.11666666666667,14.500799999999998,33.336,236.0,135.4,165.0,10800,134.2588888888889,165.0,80.0,10800,0.48285282809403773,2024,11,Sunday,6
12969294786,Morning Ride,Ride,2024-11-24 06:22:20+00:00,31.3759,153.91666666666666,12.229199999999999,30.6,260.0,130.2,166.0,10534,128.22773875071198,166.0,58.0,10534,0.5703032692135299,2024,11,Sunday,6
13235629467,Morning Ride,Ride,2025-01-01 06:38:25+00:00,23.811700000000002,102.91666666666667,13.8816,36.072,192.0,130.0,171.0,7460,125.59235924932976,171.0,52.0,7460,0.6618169535770593,2025,1,Wednesday,6
13269022143,Morning Ride,Ride,2025-01-05 07:13:29+00:00,23.3935,101.51666666666667,13.8276,39.672,196.0,141.2,178.0,7029,139.43448570209134,178.0,72.0,7029,0.6332950606799664,2025,1,Sunday,7
13392812885,Morning Ride,Ride,2025-01-19 06:18:05+00:00,36.2031,153.68333333333334,14.133600000000001,48.312,255.0,134.7,177.0,11924,129.8859443139886,177.0,64.0,11924,0.722117403207908,2025,1,Sunday,6
13453557996,Morning Ride,Ride,2025-01-26 06:36:53+00:00,33.078300000000006,131.9,15.048,40.464,99.0,144.1,181.0,11855,134.29118515394347,181.0,68.0,11855,0.809931112675244,2025,1,Sunday,6
13638391926,Morning Ride,Ride,2025-02-16 06:30:31+00:00,40.1244,141.16666666666666,17.0532,50.544,252.0,140.9,174.0,9173,138.97002071296194,174.0,77.0,9173,0.45026198122600425,2025,2,Sunday,6
14430736774,Morning Ride,Ride,2025-05-10 07:12:37+00:00,19.336299999999998,84.2,13.7772,23.616,61.0,132.0,164.0,5954,129.5510581121935,164.0,79.0,5954,0.5381580464617346,2025,5,Saturday,7
14577193653,Afternoon Ride,Ride,2025-05-24 14:48:37+00:00,10.9941,49.53333333333333,13.3164,22.68,36.0,142.8,168.0,3637,142.06653835578774,168.0,65.0,3637,0.648037216459486,2025,5,Saturday,14
14585570552,Morning Ride,Ride,2025-05-25 06:56:25+00:00,29.1941,117.53333333333333,14.904,22.392,53.0,140.4,169.0,7703,138.82928729066597,169.0,62.0,7703,0.4449242751012139,2025,5,Sunday,6
14719136083,Morning Ride,Ride,2025-06-07 06:17:30+00:00,34.7648,129.93333333333334,16.0524,24.696,65.0,134.8,167.0,8858,131.81666290359,167.0,83.0,8858,0.48456904224162295,2025,6,Saturday,6
14876178570,Morning Ride,Ride,2025-06-22 06:23:37+00:00,42.5904,198.58333333333334,12.870000000000001,29.304000000000002,200.0,141.1,175.0,9353,141.08115043301615,175.0,81.0,9353,0.2773098712884989,2025,6,Sunday,6
15020827960,Morning Ride,Ride,2025-07-06 06:57:53+00:00,37.9122,183.35,12.405600000000002,28.08,127.0,148.6,175.0,12862,146.67190172601462,175.0,84.0,12862,0.5587256170735799,2025,7,Sunday,6
15160770195,Morning Ride,Ride,2025-07-19 06:43:53+00:00,30.1043,122.7,14.720400000000001,26.856,110.0,145.8,183.0,9794,140.9445578925873,183.0,69.0,9794,0.6724626412039477,2025,7,Saturday,6
15237247156,Morning Ride,Ride,2025-07-26 07:03:17+00:00,32.1852,115.21666666666667,16.761599999999998,39.96,103.0,141.7,167.0,8261,138.24742767219465,167.0,90.0,8261,0.5624110145211999,2025,7,Saturday,7
15314496426,Morning Ride,Ride,2025-08-02 07:02:05+00:00,42.5051,158.8,16.059600000000003,25.632,128.0,142.4,170.0,12075,137.8072049689441,170.0,73.0,12075,0.5940745947219832,2025,8,Saturday,7
15394252962,Morning Ride,Ride,2025-08-09 08:08:02+00:00,46.3629,166.3,16.729200000000002,37.296,124.0,147.8,172.0,11420,145.39203152364274,172.0,67.0,11420,0.4753282186622231,2025,8,Saturday,8
15476920956,Afternoon Ride,Ride,2025-08-16 14:57:35+00:00,45.2316,178.48333333333332,15.2064,37.296,286.0,139.9,173.0,10846,139.48875161349807,173.0,83.0,10846,0.3817781144578854,2025,8,Saturday,14
15511022783,Afternoon Ride,Ride,2025-08-19 17:30:59+00:00,8.1455,32.55,15.015600000000001,46.681200000000004,29.0,0.0,0.0,0,0.0,0.0,0.0,1870,0.46928956998798,2025,8,Tuesday,17
258112613,Morning Ride,Ride,2015-02-22 05:55:05+00:00,7.8727,35.28333333333333,13.388399999999999,28.44,0.0,0.0,0.0,0,0.0,0.0,0.0,1674,0.2587387431046297,2015,2,Sunday,5
258130857,Morning Run,Ride,2015-02-22 06:35:53+00:00,9.4337,46.083333333333336,12.2832,65.16000000000001,0.0,0.0,0.0,0,0.0,0.0,0.0,1836,0.506732472898592,2015,2,Sunday,6
271966407,Morning Ride,Ride,2015-03-22 06:27:07+00:00,9.9993,41.733333333333334,14.3748,28.44,0.0,0.0,0.0,0,0.0,0.0,0.0,2289,0.22312709538514594,2015,3,Sunday,6
280615993,Morning Walk,Walk,2015-04-07 06:25:42+00:00,1.4968,18.3,4.9068000000000005,12.6,0.0,0.0,0.0,0,0.0,0.0,0.0,403,0.3129769935290039,2015,4,Tuesday,6
281190938,Morning Walk,Walk,2015-04-08 06:12:43+00:00,0.8844,10.383333333333333,5.112,19.8,0.0,0.0,0.0,0,0.0,0.0,0.0,228,0.3680940672705782,2015,4,Wednesday,6
281794213,Morning Walk,Walk,2015-04-09 06:01:49+00:00,1.3665,16.833333333333332,4.8708,12.6,0.0,0.0,0.0,0,0.0,0.0,0.0,364,0.3320870448983365,2015,4,Thursday,6
7134345657,Afternoon Ride,Ride,2022-05-13 15:34:13+00:00,0.7811,3.65,12.8376,22.5576,5.0,0.0,0.0,0,0.0,0.0,0.0,209,0.38428396112034285,2022,5,Friday,15
7134560113,Afternoon Ride,Ride,2022-05-13 16:42:45+00:00,2.8516999999999997,11.0,15.5556,24.2136,15.0,0.0,0.0,0,0.0,0.0,0.0,661,0.32276314405023,2022,5,Friday,16
7143729530,Morning Ride,Ride,2022-05-15 06:39:10+00:00,10.339799999999999,38.43333333333333,16.142400000000002,30.816000000000003,71.0,0.0,0.0,0,0.0,0.0,0.0,2299,0.34224742958154664,2022,5,Sunday,6
7160805245,Dignitas Loop #1,Ride,2022-05-18 07:35:03+00:00,8.8016,30.966666666666665,17.0532,29.325600000000005,44.0,0.0,0.0,0,0.0,0.0,0.0,1861,0.3423401384039477,2022,5,Wednesday,7
7166492732,Dignitas Loop #2,Ride,2022-05-19 07:59:38+00:00,11.8472,40.333333333333336,17.6256,30.672,46.0,0.0,0.0,0,0.0,0.0,0.0,2403,0.33982971957729274,2022,5,Thursday,7
7189099495,Afternoon Ride,Ride,2022-05-23 16:43:28+00:00,14.4813,52.15,16.660800000000002,28.0584,74.0,164.4,189.0,3122,164.32286995515696,189.0,107.0,3122,0.34386963088591826,2022,5,Monday,16
7194161827,Afternoon Ride,Ride,2022-05-24 16:57:14+00:00,6.3203000000000005,28.7,13.212,25.92,27.0,134.0,169.0,1703,133.95008807985909,169.0,105.0,1703,0.33129571068237584,2022,5,Tuesday,16
7210268316,Afternoon Ride,Ride,2022-05-27 17:01:08+00:00,8.4073,36.333333333333336,13.885200000000001,29.635199999999998,30.0,135.1,164.0,2104,135.00998098859316,164.0,101.0,2104,0.35214679633920026,2022,5,Friday,17
7219460387,Morning Ride,Ride,2022-05-29 08:05:30+00:00,11.1149,44.88333333333333,14.857199999999999,36.561600000000006,82.0,141.6,180.0,2673,141.51253273475496,180.0,115.0,2673,0.3525544503143462,2022,5,Sunday,8
7240397945,Morning Ride,Ride,2022-06-02 06:30:18+00:00,12.5129,52.75,14.2344,34.1928,23.0,136.9,171.0,3155,136.88589540412045,171.0,120.0,3155,0.2594769825033173,2022,6,Thursday,6
7246092711,Morning Ride,Ride,2022-06-03 08:13:59+00:00,12.3414,46.516666666666666,15.9192,26.6616,50.0,141.7,177.0,2785,141.70987432675045,177.0,114.0,2785,0.21399221889164952,2022,6,Friday,8
7256418840,Morning Ride,Ride,2022-06-05 06:41:22+00:00,16.858700000000002,67.68333333333334,14.9436,39.0456,123.0,142.4,188.0,4028,142.37562065541212,188.0,112.0,4028,0.34096565137042717,2022,6,Sunday,6
7273117515,Morning Ride,Ride,2022-06-08 07:53:27+00:00,20.1088,76.48333333333333,15.7752,23.328000000000003,88.0,132.6,166.0,4570,132.55120350109408,166.0,103.0,4570,0.23225084492490697,2022,6,Wednesday,7
7283398173,Morning Ride,Ride,2022-06-10 07:30:04+00:00,21.22,79.95,15.926400000000001,26.424,107.0,142.7,177.0,4791,142.6829471926529,177.0,106.0,4791,0.21620870371505746,2022,6,Friday,7
7293818597,Morning Ride,Ride,2022-06-12 06:23:25+00:00,18.370900000000002,87.6,12.582,35.6328,87.0,132.6,179.0,5257,132.60680996766217,179.0,102.0,5257,0.34134175053229104,2022,6,Sunday,6
7310620662,Morning Ride,Ride,2022-06-15 07:15:35+00:00,19.500700000000002,79.66666666666667,14.688,25.401600000000002,97.0,137.2,169.0,4756,137.1757779646762,169.0,105.0,4756,0.3007674691948466,2022,6,Wednesday,7
7326252629,Morning Ride,Ride,2022-06-18 06:10:42+00:00,29.7636,115.91666666666667,15.4044,22.536,53.0,136.1,173.0,6950,136.04776978417266,173.0,73.0,6950,0.2539393320910752,2022,6,Saturday,6
7342339468,Morning Ride,Ride,2022-06-21 06:36:04+00:00,17.3412,68.61666666666666,15.1632,23.5152,58.0,135.9,160.0,4109,135.81917741542955,160.0,74.0,4109,0.22668992729606713,2022,6,Tuesday,6
7353608248,Morning Ride,Ride,2022-06-23 07:14:01+00:00,17.900299999999998,67.7,15.8652,23.500799999999998,45.0,139.7,159.0,4065,139.64231242312422,159.0,112.0,4065,0.22091595452581012,2022,6,Thursday,7
7358733717,Morning Ride,Ride,2022-06-24 06:29:01+00:00,23.6182,88.55,16.002000000000002,33.1272,94.0,139.7,172.0,5290,139.6219281663516,172.0,112.0,5290,0.2647718910077532,2022,6,Friday,6
7368750047,Morning Ride,Ride,2022-06-26 06:33:50+00:00,22.0604,76.85,17.2224,37.224000000000004,157.0,140.1,172.0,4564,140.08326029798422,172.0,108.0,4564,0.2630980980255922,2022,6,Sunday,6
7390573745,Morning Ride,Ride,2022-06-30 06:19:02+00:00,25.4479,95.0,16.074,38.973600000000005,95.0,140.3,163.0,5648,140.2443342776204,163.0,109.0,5648,0.29608093253613355,2022,6,Thursday,6
7405686409,Morning Ride,Ride,2022-07-03 06:20:49+00:00,12.1182,55.78333333333333,13.0356,27.223200000000002,59.0,129.7,170.0,3338,129.64769322947873,170.0,101.0,3338,0.28165505109081757,2022,7,Sunday,6
7405917276,Morning Ride,Ride,2022-07-03 08:52:30+00:00,8.6779,54.1,9.6228,22.536,84.0,132.4,169.0,3238,132.41198270537367,169.0,104.0,3238,0.3543756414051378,2022,7,Sunday,8
7416828085,Morning Ride,Ride,2022-07-05 07:30:16+00:00,19.0728,73.48333333333333,15.573599999999999,30.8448,93.0,145.6,170.0,4367,145.56926952141058,170.0,118.0,4367,0.27769399806427475,2022,7,Tuesday,7
7418938143,Evening Ride,Ride,2022-07-05 18:41:23+00:00,20.1064,78.1,15.447600000000001,28.368,51.0,142.4,174.0,4653,142.40962819686223,174.0,118.0,4653,0.32472150514666254,2022,7,Tuesday,18
7433005149,Morning Ride,Ride,2022-07-08 07:00:44+00:00,21.1565,76.48333333333333,16.596,32.2992,103.0,145.7,175.0,4542,145.6924262439454,175.0,110.0,4542,0.26011437861938896,2022,7,Friday,7
7465382130,Morning Ride,Ride,2022-07-14 07:14:22+00:00,24.7745,94.46666666666667,15.735600000000002,39.5424,164.0,142.8,175.0,5635,142.83584738243124,175.0,114.0,5635,0.2883247221051912,2022,7,Thursday,7
7523840861,Morning Ride,Ride,2022-07-25 06:12:53+00:00,21.786099999999998,95.71666666666667,13.6584,31.9752,94.0,148.7,176.0,5683,148.65229632236495,176.0,120.0,5683,0.36391724303411066,2022,7,Monday,6
7523842091,Afternoon Ride,Ride,2022-07-20 16:53:05+00:00,5.5582,27.016666666666666,12.3444,24.0336,45.0,138.5,173.0,1575,138.6926984126984,173.0,68.0,1575,0.3437291325945577,2022,7,Wednesday,16
7545869278,Morning Ride,Ride,2022-07-29 06:21:47+00:00,21.8273,89.9,14.569199999999999,28.656,102.0,148.5,178.0,5357,148.54974799327982,178.0,74.0,5357,0.35362409550857377,2022,7,Friday,6
7548230507,Evening Ride,Ride,2022-07-29 18:39:03+00:00,19.1077,77.03333333333333,14.882400000000002,27.3312,45.0,148.7,171.0,4517,148.62032322337834,171.0,121.0,4517,0.3466838554449579,2022,7,Friday,18
7556412514,Morning Ride,Ride,2022-07-31 06:57:59+00:00,13.6737,76.68333333333334,10.6992,17.056800000000003,26.0,115.7,162.0,4579,115.75103734439834,162.0,57.0,4579,0.3117886195533318,2022,7,Sunday,6
7595097974,Morning Ride,Ride,2022-08-07 06:38:18+00:00,21.4726,100.81666666666666,12.78,31.233600000000003,133.0,129.2,159.0,6021,129.1843547583458,159.0,95.0,6021,0.3467684902658501,2022,8,Sunday,6
7623237048,B2W Jumat Sehat,Ride,2022-08-12 05:53:41+00:00,21.8508,89.55,14.641200000000001,27.5616,93.0,148.1,177.0,5317,148.04720707165694,177.0,121.0,5317,0.31377982589061454,2022,8,Friday,5
7625435755,Afternoon Ride,Ride,2022-08-12 17:45:57+00:00,19.056099999999997,77.08333333333333,14.832,27.8208,52.0,149.9,174.0,4549,149.86282699494393,174.0,113.0,4549,0.4175606651086207,2022,8,Friday,17
7651023954,Morning Ride,Ride,2022-08-17 06:48:46+00:00,24.6236,92.16666666666667,16.030800000000003,28.2456,131.0,143.7,176.0,5517,143.65216603226392,176.0,112.0,5517,0.2685815945037305,2022,8,Wednesday,6
7661838912,Morning Ride,Ride,2022-08-19 05:57:03+00:00,21.7746,82.8,15.7788,34.970400000000005,109.0,148.8,177.0,4942,148.77701335491705,177.0,116.0,4942,0.334808157290934,2022,8,Friday,5
7661841268,Morning Ride,Ride,2022-08-17 10:30:21+00:00,6.0083,26.533333333333335,13.586400000000001,21.78,41.0,152.7,171.0,1572,152.71310432569973,171.0,129.0,1572,0.29302300777928947,2022,8,Wednesday,10
7664187289,Evening Ride,Ride,2022-08-19 18:06:46+00:00,19.1255,77.08333333333333,14.886,30.6288,53.0,142.8,171.0,4528,142.7405035335689,171.0,80.0,4528,0.3789183989834787,2022,8,Friday,18
7672659516,Morning Ride,Ride,2022-08-21 06:38:43+00:00,30.2542,111.23333333333333,16.318800000000003,37.6848,200.0,142.3,176.0,6625,142.2223396226415,176.0,95.0,6625,0.31980340238890564,2022,8,Sunday,6
7689618114,Morning Ride,Ride,2022-08-24 06:01:16+00:00,21.676299999999998,85.51666666666667,15.209999999999999,36.0936,97.0,143.2,175.0,5064,143.21208530805688,175.0,118.0,5064,0.36966612307545077,2022,8,Wednesday,6
7692031723,Evening Ride,Ride,2022-08-24 18:24:31+00:00,19.4724,75.88333333333334,15.397200000000002,28.9584,47.0,142.5,174.0,4482,142.44466755912538,174.0,121.0,4482,0.321293972273324,2022,8,Wednesday,18
7711783200,Morning Ride,Ride,2022-08-28 05:57:16+00:00,38.6129,143.1,16.1892,43.2864,162.0,142.8,176.0,8541,142.77051867462828,176.0,80.0,8541,0.3157759158907966,2022,8,Sunday,5
7728630792,Morning Ride,Ride,2022-08-31 06:00:03+00:00,21.6296,89.28333333333333,14.536800000000001,33.1056,100.0,139.8,171.0,5295,139.7395656279509,171.0,109.0,5295,0.35355227481256574,2022,8,Wednesday,6
7731045524,Evening Ride,Ride,2022-08-31 18:32:43+00:00,19.9689,79.7,15.033600000000002,32.3568,52.0,139.0,170.0,4699,138.92487763353904,170.0,72.0,4699,0.31804513052131267,2022,8,Wednesday,18
7750296974,Morning Ride,Ride,2022-09-04 05:47:28+00:00,38.28,144.23333333333332,15.9228,33.1848,165.0,136.7,182.0,8595,136.66817917393834,182.0,102.0,8595,0.28663221323429894,2022,9,Sunday,5
7825405404,Morning Ride,Ride,2022-09-18 05:46:30+00:00,38.891400000000004,142.48333333333332,16.3764,36.1008,243.0,143.4,177.0,8532,143.32559774964838,177.0,63.0,8532,0.291465253015932,2022,9,Sunday,5
7852129241,Morning Ride,Ride,2022-09-23 06:53:47+00:00,14.4259,53.0,16.3296,24.9408,35.0,132.6,156.0,3174,132.57466918714556,156.0,105.0,3174,0.26316898718829385,2022,9,Friday,6
7873783553,Afternoon Ride,Ride,2022-09-27 16:17:25+00:00,7.530399999999999,33.65,13.428,25.8984,37.0,0.0,0.0,0,0.0,0.0,0.0,2022,0.378614640790945,2022,9,Tuesday,16
7897448430,Morning Ride,Ride,2022-10-02 05:43:03+00:00,41.837900000000005,170.51666666666668,14.720400000000001,43.524,233.0,132.7,183.0,10126,132.63154256369742,183.0,59.0,10126,0.35393418166762075,2022,10,Sunday,5
7918327693,Morning Ride,Ride,2022-10-06 06:35:55+00:00,23.3032,83.25,16.794,37.71360000000001,93.0,145.0,178.0,4953,144.98667474258025,178.0,114.0,4953,0.33591445194230596,2022,10,Thursday,6
7933599565,Morning Ride,Ride,2022-10-09 07:17:05+00:00,32.908,118.88333333333334,16.606800000000003,37.7784,134.0,139.0,181.0,7126,138.96519786696604,181.0,71.0,7126,0.3127816979101316,2022,10,Sunday,7
7954842055,Tour de Perumahan ,Ride,2022-10-13 06:24:18+00:00,23.3402,83.11666666666666,16.848,28.5768,69.0,142.3,173.0,4972,142.30711987127916,173.0,107.0,4972,0.27718441973273494,2022,10,Thursday,6
7970240147,Afternoon Ride,Ride,2022-10-16 14:54:35+00:00,10.8156,41.35,15.692400000000001,33.732,58.1,0.0,0.0,0,0.0,0.0,0.0,2470,0.4027981273897399,2022,10,Sunday,14
7975114337,Morning Ride,Ride,2022-10-17 06:26:20+00:00,13.682799999999999,50.63333333333333,16.214399999999998,25.6536,32.0,131.2,155.0,3040,131.17368421052632,155.0,109.0,3040,0.2741441429538126,2022,10,Monday,6
7985175836,Tour de Perumahan ,Ride,2022-10-19 06:07:28+00:00,23.045900000000003,76.65,18.0396,32.364000000000004,69.0,136.5,169.0,4589,136.4536936151667,169.0,97.0,4589,0.242984193912248,2022,10,Wednesday,6
8004688277,Morning Ride,Ride,2022-10-23 05:51:57+00:00,45.7438,161.03333333333333,17.0424,43.0416,213.0,141.5,183.0,9596,141.5059399749896,183.0,87.0,9596,0.33917844581152606,2022,10,Sunday,5
8039596234,Morning Ride,Ride,2022-10-30 06:19:19+00:00,13.4264,47.016666666666666,17.1324,35.8128,63.0,128.8,168.0,2804,128.8231098430813,168.0,94.0,2804,0.23726444474225591,2022,10,Sunday,6
8142080725,Morning Ride,Ride,2022-11-18 07:25:39+00:00,2.7106,10.3,15.7896,24.1704,17.0,128.3,165.0,612,127.66830065359477,165.0,75.0,612,0.2611930810196717,2022,11,Friday,7
8142084904,Morning Ride,Ride,2022-11-20 06:01:36+00:00,30.8055,113.21666666666667,16.326,36.3384,164.0,144.6,185.0,6778,144.5919150191797,185.0,80.0,6778,0.3095352910225599,2022,11,Sunday,6
8142295667,Morning Ride,Ride,2022-11-20 10:18:26+00:00,6.1316999999999995,27.466666666666665,13.3956,19.7712,46.0,151.0,169.0,1627,150.87584511370622,169.0,109.0,1627,0.2702623642982211,2022,11,Sunday,10
8204274984,Morning Ride,Ride,2022-11-23 06:32:36+00:00,5.7377,25.2,13.662,24.703200000000002,21.0,128.8,227.0,1475,128.68610169491527,227.0,69.0,1475,0.32873360572339283,2022,11,Wednesday,6
8204274985,Evening Ride,Ride,2022-11-22 19:56:10+00:00,5.573300000000001,24.883333333333333,13.4388,25.2576,30.0,137.4,162.0,1438,137.0730180806676,162.0,98.0,1438,0.389667255726441,2022,11,Tuesday,19
8204278122,Morning Ride,Ride,2022-12-04 05:46:26+00:00,37.099199999999996,145.75,15.2712,30.7656,145.0,149.9,178.0,8716,149.87999082147775,178.0,54.0,8716,0.33326083119078803,2022,12,Sunday,5
8355433125,Morning Ride,Ride,2022-12-17 07:24:48+00:00,5.6898,25.366666666666667,13.4568,23.6736,19.0,132.2,157.0,1513,132.16721744877725,157.0,111.0,1513,0.33529207387497184,2022,12,Saturday,7
8355438849,Morning Ride,Ride,2023-01-08 05:56:07+00:00,13.9045,53.71666666666667,15.5304,34.6176,73.0,139.1,172.0,3198,139.04565353345842,172.0,98.0,3198,0.31979820847013973,2023,1,Sunday,5
8387601781,Morning Ride,Ride,2023-01-14 06:31:34+00:00,14.5895,56.15,15.591600000000001,38.484,87.0,142.8,169.0,3354,142.77668455575431,169.0,104.0,3354,0.33066411510242266,2023,1,Saturday,6
8424995276,Morning Ride,Ride,2023-01-21 06:17:44+00:00,20.097,73.26666666666667,16.4592,29.5992,82.0,147.2,169.0,4366,147.21667430142006,169.0,109.0,4366,0.34514759704558967,2023,1,Saturday,6
8500673512,Morning Ride,Ride,2023-02-04 06:18:55+00:00,15.296,55.93333333333333,16.4088,36.6048,95.0,147.3,168.0,3326,147.24503908598916,168.0,102.0,3326,0.3416295315883784,2023,2,Saturday,6
8623110517,Morning Ride,Ride,2023-02-26 09:56:03+00:00,13.5211,59.083333333333336,13.730400000000001,26.1144,73.0,134.0,162.0,3513,133.91147167662967,162.0,68.0,3513,0.3516805192314312,2023,2,Sunday,9
8688993971,Morning Ride,Ride,2023-03-10 06:45:47+00:00,15.438,69.13333333333334,13.3992,28.3896,87.0,134.2,176.0,4083,134.23683566005388,176.0,68.0,4083,0.36788371791866753,2023,3,Friday,6
8693547369,Morning Ride,Ride,2023-03-11 07:43:50+00:00,4.8543,24.416666666666668,11.9304,24.0336,13.7,0.0,0.0,0,0.0,0.0,0.0,1476,0.49539699625275374,2023,3,Saturday,7
8693898045,Morning Ride,Ride,2023-02-04 06:16:48+00:00,0.15869999999999998,0.55,17.3088,30.571200000000005,0.0,117.4,125.0,20,118.7,125.0,111.0,20,0.7940734170448996,2023,2,Saturday,6
8693898069,Morning Ride,Ride,2023-03-10 11:48:54+00:00,0.9261,7.25,7.6644000000000005,16.099200000000003,15.0,0.0,0.0,0,0.0,0.0,0.0,416,0.52308528645076,2023,3,Friday,11
8738137854,Morning Ride,Ride,2023-03-19 06:29:32+00:00,15.7622,68.75,13.755600000000001,28.4688,80.0,133.1,158.0,4099,133.05415955111002,158.0,107.0,4099,0.3435551679575406,2023,3,Sunday,6
8755853226,Morning Ride,Ride,2023-03-22 07:13:55+00:00,16.0894,70.43333333333334,13.7052,25.977600000000002,87.0,132.5,163.0,4211,132.38898123961053,163.0,85.0,4211,0.30838084478728955,2023,3,Wednesday,7
8840052946,Morning Ride,Ride,2023-04-06 06:58:54+00:00,11.6609,57.63333333333333,12.1392,21.499200000000002,50.0,116.7,141.0,3446,116.62188044109112,141.0,79.0,3446,0.29432522413322026,2023,4,Thursday,6
8859947200,Afternoon Ride,Ride,2023-04-09 14:41:04+00:00,5.7409,23.25,14.814000000000002,22.6656,30.0,136.8,157.0,1369,136.5317750182615,157.0,90.0,1369,0.3419856806021552,2023,4,Sunday,14
8859947284,Evening Ride,Ride,2023-04-09 19:26:33+00:00,6.082199999999999,28.516666666666666,12.798,21.4632,34.0,143.0,165.0,1672,142.81758373205741,165.0,113.0,1672,0.28917572729756696,2023,4,Sunday,19
8946309663,Morning Ride,Ride,2023-04-24 07:30:18+00:00,15.0938,57.65,15.7104,38.376000000000005,102.0,132.9,164.0,3468,132.82468281430218,164.0,76.0,3468,0.3254390386828502,2023,4,Monday,7
8969768587,Blusukan jatibening jatiwaringin ,Ride,2023-04-28 06:39:38+00:00,21.7603,94.3,13.845600000000001,33.8688,101.0,131.0,170.0,5629,130.90371291526026,170.0,93.0,5629,0.33922209141737397,2023,4,Friday,6
8981173979,CFD lagi ,Ride,2023-04-30 06:16:19+00:00,37.764900000000004,145.18333333333334,15.606,46.137600000000006,176.0,137.4,170.0,8653,137.30636773373396,170.0,80.0,8653,0.3237028443989372,2023,4,Sunday,6
9091552664,Blusukan ,Ride,2023-05-18 07:41:44+00:00,20.9087,91.46666666666667,13.716000000000001,34.3296,114.0,127.3,162.0,5440,127.25900735294118,162.0,89.0,5440,0.3368153813651197,2023,5,Thursday,7
9109595180,Blusukan lagi,Ride,2023-05-21 06:25:54+00:00,25.3107,103.61666666666666,14.6556,33.4296,170.0,130.2,170.0,6183,130.12016820313764,170.0,90.0,6183,0.3426775894706046,2023,5,Sunday,6
9153553945,Morning Ride,Ride,2023-05-28 06:27:41+00:00,25.915200000000002,101.23333333333333,15.361200000000002,36.0864,143.0,139.4,166.0,6071,139.3259759512436,166.0,76.0,6071,0.29893411640195816,2023,5,Sunday,6
9242429108,Curug di bekasi?,Ride,2023-06-11 06:30:12+00:00,33.1386,140.0,14.202,33.228,250.0,146.9,181.0,8359,146.8808469912669,181.0,88.0,8359,0.34049703421326094,2023,6,Sunday,6
9286040318,Gowes ga niat,Ride,2023-06-18 07:12:58+00:00,16.492900000000002,64.23333333333333,15.4044,30.801599999999997,75.0,129.4,164.0,3852,129.37642782969886,164.0,90.0,3852,0.34453375398382086,2023,6,Sunday,7
9322587253,Morning Ride,Ride,2023-06-24 07:15:13+00:00,21.960900000000002,80.68333333333334,16.3296,29.2392,95.0,130.6,161.0,4818,130.52345371523452,161.0,78.0,4818,0.3077423272869592,2023,6,Saturday,7
9371534355,Mencari tower ,Ride,2023-07-02 07:01:37+00:00,28.7578,104.5,16.5132,32.8248,207.0,138.7,168.0,6267,138.67177277804373,168.0,96.0,6267,0.29118548624274,2023,7,Sunday,7
9478391873,Blusukan jatiasih ,Ride,2023-07-15 07:03:08+00:00,22.5259,97.98333333333333,13.7952,32.544,166.0,129.1,159.0,5863,129.05901415657513,159.0,73.0,5863,0.29960055492952553,2023,7,Saturday,7
9478398529,Blusukan jatiwaringin ,Ride,2023-07-19 06:34:08+00:00,17.352700000000002,87.88333333333334,11.8476,23.709600000000002,92.0,114.4,147.0,5234,114.3290026748185,147.0,80.0,5234,0.28547785491208033,2023,7,Wednesday,6
9540577917,Blusukan Galaxy,Ride,2023-07-29 06:52:37+00:00,29.7035,135.15,13.1868,29.491200000000003,159.0,130.5,163.0,8040,130.3849502487562,163.0,65.0,8040,0.32285951170826377,2023,7,Saturday,6
9584723372,Morning Ride,Ride,2023-08-05 07:00:46+00:00,27.0653,119.51666666666667,13.586400000000001,48.7512,148.0,121.4,150.0,7083,121.40844275024708,150.0,85.0,7083,0.30014676719782163,2023,8,Saturday,7
9636296263,Blusukan pondok rangon(?),Ride,2023-08-13 06:52:49+00:00,22.7245,103.93333333333334,13.118400000000001,29.5992,127.0,123.6,158.0,6174,123.51004211208293,158.0,77.0,6174,0.352234628190381,2023,8,Sunday,6
9727767310,Morning Ride,Ride,2023-08-27 07:08:19+00:00,29.7195,120.0,14.860800000000001,33.595200000000006,218.0,132.7,168.0,7177,132.6760484882263,168.0,79.0,7177,0.27460589315286693,2023,8,Sunday,7
9771987279,Morning Ride,Ride,2023-09-03 07:12:08+00:00,18.2889,75.96666666666667,14.4432,29.7504,125.0,125.2,157.0,4524,125.16954022988506,157.0,85.0,4524,0.387771358785377,2023,9,Sunday,7
9818286933,Morning Ride,Ride,2023-09-10 07:16:07+00:00,26.671,98.03333333333333,16.3224,31.298400000000004,128.0,125.6,157.0,5866,125.55847255369929,157.0,78.0,5866,0.2825649501494777,2023,9,Sunday,7
9864110023,Morning Ride,Ride,2023-09-17 06:47:28+00:00,31.3759,126.53333333333333,14.8788,30.880799999999997,134.0,127.5,156.0,7542,127.3987006099178,156.0,84.0,7542,0.32760133433128263,2023,9,Sunday,6
